"TSP","plot","species","biomass","dist","db","n.rich"
"1-E34","E34","Castanea henryi",0.0771665852242061,11.7394692220792,0.00657326015038856,1
"10-G17","G17","Castanopsis sclerophylla",0.00564912068909652,11.7394692220792,0.000481207504549852,1
"100-Q21","Q21","Cyclobalanopsis glauca",0.0109144657506878,1.56109385766658,0.00699154999367049,2
"100-Q21","Q21","Quercus fabri",0.00407732121087942,4.89442719099992,0.000833053808293844,2
"101-Q21","Q21","Cyclobalanopsis glauca",0.00584410336649666,2.74754689570643,0.00212702588466432,2
"101-Q21","Q21","Quercus fabri",0.000141174160175821,4,3.52935400439552e-05,2
"102-P26","P26","Castanopsis sclerophylla",0.00342237239001662,2.9348673055198,0.00116610804978472,2
"102-P26","P26","Quercus serrata",0.00557540496378098,6.49596116318638,0.000858287915170685,2
"103-P26","P26","Castanopsis sclerophylla",0.00642528428086506,2.49596116318638,0.00257427253902559,2
"103-P26","P26","Quercus serrata",0.00327832266085407,6.97530742003968,0.000469989702738496,2
"105-O6","O6","Castanopsis sclerophylla",0.0903087742069789,6.13793524989272,0.0147132171536931,2
"105-O6","O6","Quercus serrata",0.00667072796390071,4,0.00166768199097518,2
"11-O27","O27","Choerospondias axillaris",0.147644921160624,11.7394692220792,0.0125767969886525,1
"112-H31","H31","Liquidambar formosana",0.002364243674591,1.60153397218646,0.00147623698007683,2
"112-H31","H31","Sapindus mukorossi",0.0190806880601226,10.1379352498927,0.00188210790361129,2
"113-H31","H31","Liquidambar formosana",0.0215512464281871,4.26820063885313,0.0050492580484637,2
"113-H31","H31","Sapindus mukorossi",0.0221416874742019,5.91017472555947,0.00374636766294686,2
"114-H31","H31","Liquidambar formosana",0.0136278416533954,6.13793524989272,0.00222026481195506,2
"114-H31","H31","Sapindus mukorossi",0.00862595595663078,5.60153397218646,0.00153992745549016,2
"115-T17","T17","Liquidambar formosana",0.101523361826722,3.68241420122622,0.0275697833755136,2
"115-T17","T17","Sapindus mukorossi",0.0108041266109991,7.16262782985305,0.00150840262368075,2
"116-I27","I27","Choerospondias axillaris",0.017229496588229,6.76416180203951,0.00254717392819226,2
"116-I27","I27","Sapium sebiferum",0.00113424393609013,4.97530742003968,0.000227974643641435,2
"117-I27","I27","Choerospondias axillaris",0.00586622651441962,4.97530742003968,0.00117906814979743,2
"117-I27","I27","Sapium sebiferum",0.0021077461712858,4.26820063885313,0.000493825466427031,2
"118-I27","I27","Choerospondias axillaris",0.0203806156103145,3.86973461103959,0.00526667011018601,2
"118-I27","I27","Sapium sebiferum",0.000849409554082072,7.86973461103959,0.000107933697394386,2
"119-S18","S18","Choerospondias axillaris",0.145914932914371,4.57684139222614,0.0318811425631245,2
"119-S18","S18","Sapium sebiferum",0.000551943052277657,4,0.000137985763069414,2
"12-O27","O27","Choerospondias axillaris",0.135037533806204,11.7394692220792,0.0115028653554651,1
"124-P29","P29","Castanea henryi",0.0274892393158227,2.89442719099992,0.00949729860239677,4
"124-P29","P29","Liquidambar formosana",0.00390164127602199,2.89442719099992,0.00134798390788822,4
"124-P29","P29","Nyssa sinensis",0.0200714032677028,1.4142135623731,0.0141926253585225,4
"124-P29","P29","Sapindus mukorossi",0.0481954014046008,3.86973461103959,0.012454446169799,4
"125-P19","P19","Castanea henryi",0.0104784966525417,4,0.00261962416313542,4
"125-P19","P19","Liquidambar formosana",0.00223015280593588,1.56109385766658,0.00142858342244031,4
"125-P19","P19","Nyssa sinensis",0.021473006698121,2.30864075337301,0.00930114686174022,4
"125-P19","P19","Sapindus mukorossi",0.000112588141888316,0.894427190999916,0.000125877369361333,4
"126-P19","P19","Castanea henryi",0,2.70710678118655,0,3
"126-P19","P19","Liquidambar formosana",0,1.60153397218646,0,3
"126-P19","P19","Nyssa sinensis",0,2,0,3
"13-L23","L23","Choerospondias axillaris",0.103015265225191,11.7394692220792,0.0087751211981069,1
"130-F27","F27","Castanopsis sclerophylla",0.00127812513325013,6.4555210486665,0.000197989461054293,4
"130-F27","F27","Choerospondias axillaris",0.081282229112567,0.707106781186547,0.114950430790909,4
"130-F27","F27","Quercus serrata",1.83541375582151e-05,0.894427190999916,2.05205496242755e-05,4
"130-F27","F27","Sapium sebiferum",0.000471749657082775,2.08088022903976,0.000226706780380372,4
"131-F27","F27","Castanopsis sclerophylla",0.00436534705827285,4.04044011451988,0.00108041375061726,3
"131-F27","F27","Choerospondias axillaris",0.0459088554329328,3.4142135623731,0.0134463924397931,3
"131-F27","F27","Sapium sebiferum",0.000479023916234718,1.78885438199983,0.000267782509887249,3
"132-N20","N20","Castanopsis sclerophylla",7.347299780696e-05,1.60153397218646,4.58766401980549e-05,4
"132-N20","N20","Choerospondias axillaris",0.10182981190346,4.70710678118655,0.0216332062638679,4
"132-N20","N20","Quercus serrata",0.000128197421949243,1.56109385766658,8.21202526162418e-05,4
"132-N20","N20","Sapium sebiferum",0.00327411023322554,3.16262782985305,0.0010352499280251,4
"133-N8","N8","Cyclobalanopsis glauca",0.00331461440036466,5.37377344785321,0.000616813200729336,3
"133-N8","N8","Quercus fabri",4.5185742323199e-06,1.56109385766658,2.89449235235219e-06,3
"133-N8","N8","Schima superba",0.0399719646536331,2.30864075337301,0.0173140687199741,3
"139-F28","F28","Cyclobalanopsis myrsinaefolia",0.000677462182634218,0.894427190999916,0.000757425746277745,3
"139-F28","F28","Koelreuteria bipinnata",0.000225515461002756,4,5.63788652506889e-05,3
"139-F28","F28","Lithocarpus glaber",0.0161495202330937,0.707106781186547,0.0228388705394598,3
"14-K9","K9","Cyclobalanopsis glauca",0.0806458991736301,11.7394692220792,0.00686963760013562,1
"140-V12/W12","V12/W12","Cyclobalanopsis myrsinaefolia",0.00352109910332391,0.707106781186547,0.00497958610638042,4
"140-V12/W12","V12/W12","Koelreuteria bipinnata",0.012123742864597,2,0.0060618714322985,4
"140-V12/W12","V12/W12","Lithocarpus glaber",0.030761327589345,4.26820063885313,0.00720709502485117,4
"140-V12/W12","V12/W12","Rhus chinensis",0.00391503619295527,0.707106781186547,0.00553669728125887,4
"141-P29","P29","Liquidambar formosana",0.00855789079249788,6.30864075337301,0.00135653481107198,3
"141-P29","P29","Nyssa sinensis",0.00496991293811011,0.707106781186547,0.00702851828088883,3
"141-P29","P29","Sapindus mukorossi",0.00642657522942243,2.9348673055198,0.0021897328091582,3
"142-P29","P29","Castanea henryi",0.00110573216701643,0.707106781186547,0.00156374142694683,4
"142-P29","P29","Liquidambar formosana",0.0439861407874226,5.86973461103959,0.00749371883094936,4
"142-P29","P29","Nyssa sinensis",0.0232592237497833,2.66666666666667,0.00872220890616874,4
"142-P29","P29","Sapindus mukorossi",0.00147816526265819,0.894427190999916,0.00165263900464127,4
"143-P19","P19","Liquidambar formosana",0.00979240381955024,4.04044011451988,0.00242359830662008,3
"143-P19","P19","Nyssa sinensis",0.0340005441580935,2.30864075337301,0.0147275162272075,3
"143-P19","P19","Sapindus mukorossi",0.00456016728635881,4.49596116318638,0.00101428084470528,3
"147-P29","P29","Castanea henryi",0.0199654886349979,3.56109385766658,0.00560656063361394,4
"147-P29","P29","Liquidambar formosana",0.00567435981126688,2.26820063885313,0.0025017010021371,4
"147-P29","P29","Nyssa sinensis",0.00300031722437299,2,0.0015001586121865,4
"147-P29","P29","Sapindus mukorossi",0.00444324158263047,1.4142135623731,0.00314184625352806,4
"148-P19","P19","Castanea henryi",0.019226883032983,0.666666666666667,0.0288403245494745,4
"148-P19","P19","Liquidambar formosana",0.00411978371588757,4.80460191655939,0.000857466193336112,4
"148-P19","P19","Nyssa sinensis",0.0336900039087219,3.56109385766658,0.00946057735495839,4
"148-P19","P19","Sapindus mukorossi",0.00160848117990346,2.70710678118655,0.000594169831453211,4
"149-N8","N8","Cyclobalanopsis glauca",0.000819872958190077,2,0.000409936479095039,4
"149-N8","N8","Quercus fabri",0.000147641810965997,2,7.38209054829985e-05,4
"149-N8","N8","Rhus chinensis",0,1.60153397218646,0,4
"149-N8","N8","Schima superba",0.047527290403283,2.26820063885313,0.0209537417409926,4
"15-R14","R14","Cyclobalanopsis glauca",0.00745391361121624,11.0323624408926,0.000675640747949642,1
"150-U15","U15","Cyclobalanopsis glauca",0.00256310529824816,0.707106781186547,0.00362477827457289,3
"150-U15","U15","Quercus fabri",0.00106906398471261,5.37377344785321,0.000198941022558309,3
"150-U15","U15","Schima superba",0.0169228422494462,0.707106781186547,0.0239325130230672,3
"153-F27","F27","Castanopsis sclerophylla",0.000238130845004262,0.894427190999916,0.000266238378484498,4
"153-F27","F27","Choerospondias axillaris",0.107663975380675,4.30864075337301,0.0249879211434349,4
"153-F27","F27","Quercus serrata",0.0206100210478126,4.08088022903976,0.00505038616452172,4
"153-F27","F27","Sapium sebiferum",0.000332023861329271,1.56109385766658,0.000212686674602357,4
"154-N20","N20","Castanopsis sclerophylla",0.000293658698714822,2.66666666666667,0.000110122012018058,4
"154-N20","N20","Choerospondias axillaris",0.172609136450555,4.05705502085296,0.0425454265627053,4
"154-N20","N20","Quercus serrata",0.000648005925634151,4.30864075337301,0.000150396833415935,4
"154-N20","N20","Sapium sebiferum",0.000474400203705508,0.707106781186547,0.000670903202072889,4
"155-N20","N20","Castanopsis sclerophylla",0.0021042447943891,0.707106781186547,0.00297585152677805,3
"155-N20","N20","Choerospondias axillaris",0.271865908203865,2.49596116318638,0.108922331089798,3
"155-N20","N20","Quercus serrata",0.00337489365727473,7.82929449651971,0.000431059740922371,3
"156-N20","N20","Choerospondias axillaris",0.0715987717773557,2.30864075337301,0.0310133881474401,3
"156-N20","N20","Quercus serrata",0.0029860277754238,2.89442719099992,0.00103164722357111,3
"156-N20","N20","Sapium sebiferum",0.00036875699220918,3.37377344785321,0.000109301053526231,3
"159-P29","P29","Castanea henryi",0.0152618898228681,4.49596116318638,0.00339457777078565,4
"159-P29","P29","Liquidambar formosana",0.00240029710360694,1.56109385766658,0.00153757385683058,4
"159-P29","P29","Nyssa sinensis",0.0346097581867597,2.30864075337301,0.0149914005183325,4
"159-P29","P29","Sapindus mukorossi",0.0111265103430224,2.70710678118655,0.0041101113633004,4
"16-R14","R14","Cyclobalanopsis glauca",0.0387381210483202,9.65858899303943,0.00401074329555148,1
"160-P19","P19","Castanea henryi",0.0306077700513821,1.56109385766658,0.0196066174375527,4
"160-P19","P19","Liquidambar formosana",0.00598236283901289,3.16262782985305,0.00189157977506663,4
"160-P19","P19","Nyssa sinensis",0.0203331177514162,0.894427190999916,0.0227331167433371,4
"160-P19","P19","Sapindus mukorossi",0.00209631551662502,4.70710678118655,0.000445351170915352,4
"161-F27","F27","Castanopsis sclerophylla",0.00140021988076377,1.60153397218646,0.00087429920631165,4
"161-F27","F27","Choerospondias axillaris",0.0183888225135079,2.66666666666667,0.00689580844256545,4
"161-F27","F27","Quercus serrata",0.000842056268623124,1.78885438199983,0.000470723764380282,4
"161-F27","F27","Sapium sebiferum",0.0250961533493072,2.89442719099992,0.00867050773546577,4
"162-F27","F27","Castanopsis sclerophylla",0.00010561736130547,1.37377344785321,7.68812073566554e-05,4
"162-F27","F27","Choerospondias axillaris",0.053207667454334,0.707106781186547,0.0752470049361567,4
"162-F27","F27","Quercus serrata",0.000302869879795247,0.894427190999916,0.000338618819779681,4
"162-F27","F27","Sapium sebiferum",0.0083362497371399,6.4555210486665,0.00129133646599478,4
"163-N20","N20","Castanopsis sclerophylla",0.0105950194059371,6.28481554518621,0.00168581230901076,3
"163-N20","N20","Choerospondias axillaris",0.0141659510870061,1.37377344785321,0.010311708316348,3
"163-N20","N20","Sapium sebiferum",0.00114024971643577,2.70710678118655,0.00042120603603822,3
"165-S10","S10","Castanea henryi",0.0785257053054416,5.60153397218646,0.0140186073485136,5
"165-S10","S10","Castanopsis sclerophylla",0.0013195453763311,0.894427190999916,0.00147529658043594,5
"165-S10","S10","Choerospondias axillaris",0.11627083599514,0.894427190999916,0.129994746542931,5
"165-S10","S10","Nyssa sinensis",0.00413637434721013,0.666666666666667,0.0062045615208152,5
"165-S10","S10","Quercus serrata",0.000154577403760677,0.707106781186547,0.000218605460834771,5
"166-R16","R16","Castanea henryi",0.0316970966142782,2,0.0158485483071391,7
"166-R16","R16","Castanopsis sclerophylla",0.00118862774565103,0.894427190999916,0.00132892621960902,7
"166-R16","R16","Choerospondias axillaris",0.0676778086164059,0.707106781186547,0.095710874817012,7
"166-R16","R16","Liquidambar formosana",0.0123894837359962,2.70710678118655,0.00457665128767687,7
"166-R16","R16","Nyssa sinensis",0.00326546745100079,0.666666666666667,0.00489820117650118,7
"166-R16","R16","Sapindus mukorossi",0.00991533377346361,1.60153397218646,0.00619114795293845,7
"166-R16","R16","Sapium sebiferum",0.0217888504209355,0.894427190999916,0.0243606753463933,7
"170-S10","S10","Castanopsis sclerophylla",0.00514608752425975,4.22776052433325,0.00121721358024916,4
"170-S10","S10","Liquidambar formosana",0.00225596539380138,0.707106781186547,0.00319041685615827,4
"170-S10","S10","Sapindus mukorossi",0.00268290377511155,0.707106781186547,0.00379419890530473,4
"170-S10","S10","Sapium sebiferum",0.000444923443844699,2,0.00022246172192235,4
"171-R16","R16","Castanea henryi",0.0200046027772336,0.666666666666667,0.0300069041658504,5
"171-R16","R16","Castanopsis sclerophylla",0.00812884534727392,4,0.00203221133681848,5
"171-R16","R16","Choerospondias axillaris",0.0965211021267359,0.894427190999916,0.10791387280929,5
"171-R16","R16","Liquidambar formosana",0.00184139750609451,0.894427190999916,0.00205874499861295,5
"171-R16","R16","Sapindus mukorossi",0.0295524184264118,1.37377344785321,0.0215118573390636,5
"172-S10","S10","Castanea henryi",0.00700801899108428,2.30864075337301,0.00303556063490835,4
"172-S10","S10","Choerospondias axillaris",0.134449948665883,2,0.0672249743329415,4
"172-S10","S10","Liquidambar formosana",0.000199812939427423,0.707106781186547,0.000282578168875895,4
"172-S10","S10","Quercus serrata",0.000290714265297972,2.89442719099992,0.000100439308406836,4
"173-S10","S10","Castanopsis sclerophylla",0.0240822025778821,3.78885438199983,0.00635606443264019,6
"173-S10","S10","Choerospondias axillaris",0.150100049766293,3.60153397218646,0.0416766996855976,6
"173-S10","S10","Nyssa sinensis",0.000873260072900469,0.894427190999916,0.000976334442520935,6
"173-S10","S10","Quercus serrata",0.000535244096753053,0.707106781186547,0.000756949460808305,6
"173-S10","S10","Sapindus mukorossi",0.00974825473428735,0.666666666666667,0.014622382101431,6
"173-S10","S10","Sapium sebiferum",0.0155116836212568,0.666666666666667,0.0232675254318852,6
"174-S10","S10","Choerospondias axillaris",0.292921113128635,4.70710678118655,0.0622295449721658,4
"174-S10","S10","Liquidambar formosana",0.00281486499131381,1.78885438199983,0.00157355736701551,4
"174-S10","S10","Nyssa sinensis",0.0430873419263095,2.12132034355964,0.0203115677729313,4
"174-S10","S10","Sapium sebiferum",0.000557834493907443,0.894427190999916,0.000623677924285617,4
"175-R16","R16","Castanea henryi",0.000861181405909371,0.894427190999916,0.000962830082286096,6
"175-R16","R16","Castanopsis sclerophylla",0.0055393034669272,1.60153397218646,0.00345874865168472,6
"175-R16","R16","Choerospondias axillaris",0.18256997280654,3.78885438199983,0.0481860621706386,6
"175-R16","R16","Nyssa sinensis",0.0369934819946576,1.37377344785321,0.0269283716703559,6
"175-R16","R16","Quercus serrata",7.65456571419568e-05,0.707106781186547,0.000108251906470916,6
"175-R16","R16","Sapium sebiferum",0.00355604282382475,2,0.00177802141191237,6
"176-P27","P27","Cyclobalanopsis glauca",0.00245804611378556,4.26820063885313,0.00057589750852154,4
"176-P27","P27","Cyclobalanopsis myrsinaefolia",0.000169945173328278,0.894427190999916,0.000190004480005007,4
"176-P27","P27","Quercus fabri",0.00284458579825947,2,0.00142229289912973,4
"176-P27","P27","Rhus chinensis",0,0.894427190999916,0,4
"178-S14","S14","Cyclobalanopsis glauca",0.00427871897643511,4,0.00106967974410878,3
"178-S14","S14","Quercus fabri",1.36694755612025e-05,0.894427190999916,1.52829382858104e-05,3
"178-S14","S14","Schima superba",0.144580955140482,2.22776052433325,0.0648996844863987,3
"181-P27","P27","Cyclobalanopsis glauca",0.00337299495329003,1.37377344785321,0.00245527743934852,5
"181-P27","P27","Koelreuteria bipinnata",0.000960912200356415,2.70710678118655,0.000354959105061692,5
"181-P27","P27","Lithocarpus glaber",0.0144987202012166,3.60153397218646,0.00402570691077351,5
"181-P27","P27","Rhus chinensis",0.000186510106124619,1.78885438199983,0.000104262318946337,5
"181-P27","P27","Schima superba",0.0151575957210348,1.37377344785321,0.0110335483224847,5
"183-S15","S15","Cyclobalanopsis glauca",0.00195462902498416,2.26820063885313,0.000861753141015109,3
"183-S15","S15","Koelreuteria bipinnata",0.00723338643380432,4.70710678118655,0.00153669478302784,3
"183-S15","S15","Schima superba",0.101484394079453,1.78885438199983,0.0567315009542585,3
"184-S15","S15","Cyclobalanopsis glauca",0.00121165065235418,2.97530742003968,0.000407235448744997,5
"184-S15","S15","Koelreuteria bipinnata",0.00115847885342286,2,0.00057923942671143,5
"184-S15","S15","Lithocarpus glaber",0.00993834945630479,0.707106781186547,0.0140549485887095,5
"184-S15","S15","Quercus fabri",0.000112299111522062,2,5.6149555761031e-05,5
"184-S15","S15","Rhus chinensis",0,0.707106781186547,0,5
"185-S10","S10","Castanea henryi",0.00511131494808611,1.60153397218646,0.00319151203586895,6
"185-S10","S10","Castanopsis sclerophylla",0.00235989235169274,1.37377344785321,0.00171781770522682,6
"185-S10","S10","Choerospondias axillaris",0,0.707106781186547,0,6
"185-S10","S10","Liquidambar formosana",0.00403486840695525,2.89442719099992,0.00139401274956975,6
"185-S10","S10","Nyssa sinensis",0.0237648054984244,2.66666666666667,0.00891180206190915,6
"185-S10","S10","Quercus serrata",0.0027394806071654,1.78885438199983,0.00153141621516606,6
"186-S10","S10","Castanopsis sclerophylla",0.00174794274300614,2.49596116318638,0.000700308469854031,5
"186-S10","S10","Choerospondias axillaris",0.131085455418878,1.56109385766658,0.0839702589149992,5
"186-S10","S10","Liquidambar formosana",0.00928623973916529,4,0.00232155993479132,5
"186-S10","S10","Nyssa sinensis",0.00795995728524349,0.707106781186547,0.0112570795487019,5
"186-S10","S10","Quercus serrata",0.000281568176621178,0.666666666666667,0.000422352264931767,5
"187-P27","P27","Cyclobalanopsis glauca",0.00176266559364836,1.56109385766658,0.0011291221120318,4
"187-P27","P27","Koelreuteria bipinnata",0,0.894427190999916,0,4
"187-P27","P27","Lithocarpus glaber",0.0132963433352261,5.37377344785321,0.00247430292033207,4
"187-P27","P27","Quercus fabri",2.25928711615995e-06,0.707106781186547,3.1951144809682e-06,4
"188-S10","S10","Castanopsis sclerophylla",0.00582056708376545,0.707106781186547,0.00823152491056351,4
"188-S10","S10","Nyssa sinensis",0.0612387787538806,5.60153397218646,0.0109325015358207,4
"188-S10","S10","Quercus serrata",3.13013495114934e-06,0.894427190999916,3.49959726475895e-06,4
"188-S10","S10","Sapium sebiferum",0.0136448305824634,1.56109385766658,0.00874055747221936,4
"189-S10","S10","Castanopsis sclerophylla",0.000110483823083929,0.707106781186547,0.000156247721028122,5
"189-S10","S10","Liquidambar formosana",0.0103397206760525,1.78885438199983,0.00578007957500334,5
"189-S10","S10","Nyssa sinensis",0.0249220931640857,2.70710678118655,0.00920617292870957,5
"189-S10","S10","Quercus serrata",0.000302869879795247,0.894427190999916,0.000338618819779681,5
"189-S10","S10","Sapindus mukorossi",0.021644595808572,2.89442719099992,0.00747802393367324,5
"190-R16","R16","Castanea henryi",0.0136341429606533,3.37377344785321,0.00404121473222481,5
"190-R16","R16","Liquidambar formosana",0.000767766035148816,0.894427190999916,0.000858388522704123,5
"190-R16","R16","Nyssa sinensis",0.00274755469553719,2,0.0013737773477686,5
"190-R16","R16","Quercus serrata",3.13013495114934e-06,0.707106781186547,4.42667929997344e-06,5
"190-R16","R16","Sapium sebiferum.",0.000557834493907443,0.707106781186547,0.000788897106843438,5
"191-T15","T15","Castanopsis fargesii",0.00449035474267185,2.30864075337301,0.00194502099822645,5
"191-T15","T15","Cyclobalanopsis glauca",0.00479262304810515,0.894427190999916,0.00535831546304768,5
"191-T15","T15","Lithocarpus glaber",0.00608856585552916,0.666666666666667,0.00913284878329374,5
"191-T15","T15","Quercus fabri",7.4397824956682e-05,4.66666666666667,1.59423910621461e-05,5
"191-T15","T15","Schima superba",0.0223017090594623,0.707106781186547,0.0315393794159905,5
"193-R16","R16","Castanea henryi",0.0074377394251388,1.60153397218646,0.00464413465734015,6
"193-R16","R16","Castanopsis sclerophylla",0.0013195453763311,2,0.00065977268816555,6
"193-R16","R16","Choerospondias axillaris",0.197235973313256,2.30864075337301,0.085433809060629,6
"193-R16","R16","Liquidambar formosana",0.00463599340605891,1.56109385766658,0.00296970831272662,6
"193-R16","R16","Quercus serrata",0.000242564316249335,2,0.000121282158124668,6
"193-R16","R16","Sapium sebiferum",0.00384246312591747,0.707106781186547,0.005434063465591,6
"194-R16","R16","Castanea henryi",0.046425796056817,0.894427190999916,0.0519056179462923,5
"194-R16","R16","Castanopsis sclerophylla",0.000491716698504324,0.707106781186547,0.000695392423870137,5
"194-R16","R16","Choerospondias axillaris",0.0521667798495898,1.60153397218646,0.0325730086002298,5
"194-R16","R16","Nyssa sinensis",0.000277549763126019,0.666666666666667,0.000416324644689029,5
"194-R16","R16","Quercus serrata",0.000821263216408092,4,0.000205315804102023,5
"197-S10","S10","Castanea henryi",0.00170694660732989,2,0.000853473303664945,5
"197-S10","S10","Choerospondias axillaris",0.076577080080218,0.894427190999916,0.0856157782889062,5
"197-S10","S10","Nyssa sinensis",0.00771145349758798,1.4142135623731,0.00545282106094918,5
"197-S10","S10","Quercus serrata",0.000529426320705812,1.60153397218646,0.000330574517868655,5
"197-S10","S10","Sapindus mukorossi",0.0403248004736212,2,0.0201624002368106,5
"198-R16","R16","Castanea henryi",0.00375074347753356,0.894427190999916,0.0041934586909645,7
"198-R16","R16","Choerospondias axillaris",0.117212780387329,1.60153397218646,0.0731878201917291,7
"198-R16","R16","Liquidambar formosana",0.00225596539380138,0.894427190999916,0.00252224598771348,7
"198-R16","R16","Nyssa sinensis",0.0136023423432592,1.37377344785321,0.00990144507780051,7
"198-R16","R16","Quercus serrata",0.000448839919873606,0.707106781186547,0.000634755502019707,7
"198-R16","R16","Sapindus mukorossi",0.0253422663323347,4,0.00633556658308368,7
"198-R16","R16","Sapium sebiferum",0.00414290166456692,0.894427190999916,0.00463190487303433,7
"199-R16","R16","Castanea henryi",0.000129034098463429,0.666666666666667,0.000193551147695144,5
"199-R16","R16","Castanopsis sclerophylla",0.000126432585413259,0.894427190999916,0.000141355927777548,5
"199-R16","R16","Liquidambar formosana",0.0221691776557616,0.894427190999916,0.0247858941217762,5
"199-R16","R16","Sapindus mukorossi",0.0184038828672761,6.12132034355964,0.00300652176889242,5
"199-R16","R16","Sapium sebiferum",0.00712583329946558,1.60153397218646,0.00444938004639213,5
"2-E34","E34","Castanea henryi",0.0901102932809793,11.7394692220792,0.00767584049809535,1
"200-R16","R16","Castanopsis sclerophylla",0.000225201312631094,0.707106781186547,0.000318482750587117,6
"200-R16","R16","Choerospondias axillaris",0.119938963545192,1.60153397218646,0.0748900526795865,6
"200-R16","R16","Liquidambar formosana",0.0149568291491953,2.22776052433325,0.00671384064212725,6
"200-R16","R16","Quercus serrata",0.0517898805561684,2,0.0258949402780842,6
"200-R16","R16","Sapindus mukorossi",0.00744717807002853,0.707106781186547,0.0105319002280418,6
"200-R16","R16","Sapium sebiferum",2.11933899435458e-05,2,1.05966949717729e-05,6
"201-R16","R16","Choerospondias axillaris",0.0715788716724875,1.78885438199983,0.040013805703104,4
"201-R16","R16","Nyssa sinensis",0.0107936090377015,0.707106781186547,0.0152644682880703,4
"201-R16","R16","Sapindus mukorossi",0.000292064214083111,0.707106781186547,0.000413041172640175,4
"201-R16","R16","Sapium sebiferum",0.0684686433986607,4.66666666666667,0.0146718521568559,4
"203-L22","L22","Castanea henryi",0.0185836609085024,2.89442719099992,0.00642049693503688,8
"203-L22","L22","Cyclobalanopsis glauca",0.000381493083695743,0.666666666666667,0.000572239625543615,8
"203-L22","L22","Liquidambar formosana",0.00115952393900723,0.666666666666667,0.00173928590851085,8
"203-L22","L22","Lithocarpus glaber",0.0003721585969558,0.894427190999916,0.000416085960602058,8
"203-L22","L22","Nyssa sinensis",7.42231028230443e-05,2,3.71115514115222e-05,8
"203-L22","L22","Quercus fabri",1.36694755612025e-05,0.894427190999916,1.52829382858104e-05,8
"203-L22","L22","Quercus serrata",0.000108981843221832,1.4142135623731,7.70618003683667e-05,8
"203-L22","L22","Sapindus mukorossi",0.001324539561671,0.894427190999916,0.00148088024939207,8
"204-L22","L22","Castanea henryi",0.00549411599953557,2,0.00274705799976778,6
"204-L22","L22","Liquidambar formosana",0.00808375528225107,0.707106781186547,0.0114321563550646,6
"204-L22","L22","Lithocarpus glaber",0.0078569673546803,0.894427190999916,0.00878435655103093,6
"204-L22","L22","Nyssa sinensis",0.00354311994180913,0.666666666666667,0.0053146799127137,6
"204-L22","L22","Sapindus mukorossi",0.00840188256321286,2.89442719099992,0.00290277903321877,6
"204-L22","L22","Sapium sebiferum",0.000474400203705508,0.707106781186547,0.000670903202072889,6
"208-M22","M22","Castanopsis sclerophylla",0.00211255601006287,4,0.000528139002515717,6
"208-M22","M22","Cyclobalanopsis myrsinaefolia",0.00969802657830613,0.666666666666667,0.0145470398674592,6
"208-M22","M22","Liquidambar formosana",0.00413088878537883,1.60153397218646,0.0025793326005687,6
"208-M22","M22","Lithocarpus glaber",0.00903512670809404,0.707106781186547,0.012777598728346,6
"208-M22","M22","Quercus serrata",0.00197091286741881,0.894427190999916,0.00220354757463874,6
"208-M22","M22","Schima superba",0.0080926641659648,0.894427190999916,0.00904787359708697,6
"209-L22","L22","Castanopsis sclerophylla",0.000618149283917583,2.70710678118655,0.000228343147826124,6
"209-L22","L22","Choerospondias axillaris",0.0331817795092624,2.89442719099992,0.011464022868649,6
"209-L22","L22","Liquidambar formosana",0.00445538261867709,0.666666666666667,0.00668307392801564,6
"209-L22","L22","Quercus serrata",0.000101228341389074,0.707106781186547,0.000143158493288962,6
"209-L22","L22","Sapindus mukorossi",0.00171168198582549,0.894427190999916,0.00191371863808381,6
"209-L22","L22","Schima superba",0.0577454213394437,0.707106781186547,0.08166435802319,6
"21-Q13","Q13","Koelreuteria bipinnata",NA,4,NA,1
"210-L22","L22","Choerospondias axillaris",0.138432026217067,6.30864075337301,0.0219432412826887,4
"210-L22","L22","Quercus serrata",0.000242564316249335,0.707106781186547,0.000343037745787566,4
"210-L22","L22","Sapindus mukorossi",0.000157266299586241,1.56109385766658,0.000100741091776065,4
"210-L22","L22","Sapium sebiferum",1.83130219682534e-06,0.894427190999916,2.04745809972308e-06,4
"211-M22","M22","Choerospondias axillaris",0.000485683358125095,2,0.000242841679062548,4
"211-M22","M22","Nyssa sinensis",0.00662207043819001,0.894427190999916,0.00740369982579234,4
"211-M22","M22","Sapium sebiferum",0.00302417196934379,2,0.0015120859846719,4
"211-M22","M22","Schima superba",0.0531930222160445,0.666666666666667,0.0797895333240668,4
"217-L22","L22","Castanea henryi",0.00806542128024113,2.66666666666667,0.00302453298009042,5
"217-L22","L22","Choerospondias axillaris",0.00455984696785412,0.666666666666667,0.00683977045178118,5
"217-L22","L22","Liquidambar formosana",0.011851632786604,2,0.005925816393302,5
"217-L22","L22","Nyssa sinensis",0.0416860123195866,0.707106781186547,0.0589529239836113,5
"217-L22","L22","Quercus fabri",5.84690622793195e-05,0.894427190999916,6.53703989186136e-05,5
"218-L22","L22","Castanea henryi",0.00151221829282471,0.666666666666667,0.00226832743923707,6
"218-L22","L22","Choerospondias axillaris",0.0960242006312459,0.707106781186547,0.135798726848743,6
"218-L22","L22","Liquidambar formosana",0.0152943812442086,2.89442719099992,0.00528407876064934,6
"218-L22","L22","Nyssa sinensis",0.0540354565989374,2.89442719099992,0.0186687911055279,6
"218-L22","L22","Quercus serrata",7.65456571419568e-05,0.707106781186547,0.000108251906470916,6
"218-L22","L22","Sapindus mukorossi",0.00596907040987855,0.707106781186547,0.00844154032841018,6
"219-L22","L22","Choerospondias axillaris",0.0496660029710567,1.78885438199983,0.0277641397034973,4
"219-L22","L22","Cyclobalanopsis glauca",3.55813771863383e-05,0.707106781186547,5.03196661848323e-05,4
"219-L22","L22","Liquidambar formosana",0.00905951032659924,4.89442719099992,0.00185098479823303,4
"219-L22","L22","Quercus serrata",0.000190195704167736,0.707106781186547,0.000268977344339113,4
"22-G24","G24","Koelreuteria bipinnata",0.00677818061590335,11.7394692220792,0.000577383907881898,1
"220-L21","L21","Choerospondias axillaris",NA,2,NA,2
"220-L21","L21","Liquidambar formosana",NA,2,NA,2
"221-L22","L22","Choerospondias axillaris",0.00762286615155239,0.707106781186547,0.0107803606956802,4
"221-L22","L22","Liquidambar formosana",0.0124622137058694,0.707106781186547,0.0176242316400324,4
"221-L22","L22","Lithocarpus glaber",0.00801817369245598,4,0.00200454342311399,4
"221-L22","L22","Nyssa sinensis",0.0403164299957287,0.894427190999916,0.0450751390402805,4
"222-L22","L22","Castanea henryi",0.133619216290216,1.56109385766658,0.0855933265216613,6
"222-L22","L22","Choerospondias axillaris",0.00977886637916309,0.666666666666667,0.0146682995687446,6
"222-L22","L22","Cyclobalanopsis glauca",5.59510011469129e-05,0.894427190999916,6.2555120986833e-05,6
"222-L22","L22","Liquidambar formosana",0.0192473236366079,1.4142135623731,0.0136099130631376,6
"222-L22","L22","Nyssa sinensis",0.00710695352339267,0.707106781186547,0.0100507500599372,6
"222-L22","L22","Quercus fabri",0.000689501411802452,4,0.000172375352950613,6
"225-U10","U10","Choerospondias axillaris",0.104915150787601,2.08088022903976,0.0504186398253275,7
"225-U10","U10","Koelreuteria bipinnata",1.67474624555136e-05,0.707106781186547,2.36844885399215e-05,7
"225-U10","U10","Liquidambar formosana",0.00515059899506869,0.894427190999916,0.00575854473890785,7
"225-U10","U10","Nyssa sinensis",0.00833740515797654,0.894427190999916,0.00932150234459646,7
"225-U10","U10","Quercus serrata",0.000432043173142758,4.89442719099992,8.8272469133307e-05,7
"225-U10","U10","Sapium sebiferum",0.000238475286092981,0.666666666666667,0.000357712929139472,7
"225-U10","U10","Schima superba",0.00851673068336184,0.707106781186547,0.0120444760394894,7
"226-M21","M21","Castanopsis eyrei",0.000220814554512635,0.894427190999916,0.000246878177155792,7
"226-M21","M21","Liquidambar formosana",0.0105187364804686,1.60153397218646,0.00656791342746733,7
"226-M21","M21","Nyssa sinensis",0.00622720733023036,0.707106781186547,0.00880660106212093,7
"226-M21","M21","Quercus fabri",0.000237052485759212,0.894427190999916,0.000265032736196449,7
"226-M21","M21","Quercus serrata",0.000242564316249335,2,0.000121282158124668,7
"226-M21","M21","Sapindus mukorossi",0.00268290377511155,1.37377344785321,0.00195294484640397,7
"226-M21","M21","Sapium sebiferum",0.00110187390356122,2,0.00055093695178061,7
"229-U10","U10","Castanea henryi",0.0200046027772336,0.707106781186547,0.0282907805574502,5
"229-U10","U10","Castanopsis sclerophylla",0.00385363246791337,0.894427190999916,0.00430849207927729,5
"229-U10","U10","Choerospondias axillaris",0.0234029131300993,0.894427190999916,0.0261652523152122,5
"229-U10","U10","Cyclobalanopsis myrsinaefolia",0.0466346148454275,0.894427190999916,0.0521390844494484,5
"229-U10","U10","Sapindus mukorossi",0.00789819137778043,4,0.00197454784444511,5
"23-G24","G24","Koelreuteria bipinnata",0.00234820885372467,11.7394692220792,0.000200026833351906,1
"230-L22","L22","Castanea henryi",0.0142556712673938,0.707106781186547,0.0201605636470808,7
"230-L22","L22","Castanopsis fargesii",0.00244700363932454,0.894427190999916,0.00273583323935952,7
"230-L22","L22","Castanopsis sclerophylla",0.00289887754055352,2,0.00144943877027676,7
"230-L22","L22","Quercus fabri",5.84690622793195e-05,0.894427190999916,6.53703989186136e-05,7
"230-L22","L22","Quercus serrata",0.00344149233801267,1.37377344785321,0.00250513819683345,7
"230-L22","L22","Sapindus mukorossi",0.000726690227867091,0.666666666666667,0.00109003534180064,7
"230-L22","L22","Sapium sebiferum",5.20844016300678e-05,2,2.60422008150339e-05,7
"231-U10","U10","Castanea henryi",0.000129034098463429,0.894427190999916,0.000144264507789814,7
"231-U10","U10","Castanopsis sclerophylla",0.00431711325318378,0.707106781186547,0.00610532011295314,7
"231-U10","U10","Choerospondias axillaris",0.0139815550525826,0.894427190999916,0.0156318537643652,7
"231-U10","U10","Lithocarpus glaber",0.00135773834195198,0.666666666666667,0.00203660751292797,7
"231-U10","U10","Quercus fabri",8.27050978965015e-05,0.707106781186547,0.000116962671122627,7
"231-U10","U10","Sapium sebiferum",0.0209550422917769,4,0.00523876057294423,7
"231-U10","U10","Schima superba",0.0260726458179465,0.707106781186547,0.0368722893226901,7
"232-N9","N9","Castanea henryi",0.0791872872706779,4.70710678118655,0.0168229213722483,6
"232-N9","N9","Castanopsis sclerophylla",0.000124816773394069,0.894427190999916,0.000139549395020663,6
"232-N9","N9","Cyclobalanopsis myrsinaefolia",9.4885058582521e-05,0.894427190999916,0.000106084720519783,6
"232-N9","N9","Liquidambar formosana",0.0258547960837604,0.707106781186547,0.0365642032740447,6
"232-N9","N9","Lithocarpus glaber",0.00183747167516842,0.894427190999916,0.0020543557862035,6
"232-N9","N9","Quercus serrata",0.00197091286741881,0.666666666666667,0.00295636930112822,6
"234-R18","R18","Castanopsis fargesii",0.00187410337016797,0.707106781186547,0.00265038240338067,6
"234-R18","R18","Castanopsis sclerophylla",9.65469077717758e-05,2,4.82734538858879e-05,6
"234-R18","R18","Choerospondias axillaris",0.044034367428347,1.56109385766658,0.0282073798523342,6
"234-R18","R18","Cyclobalanopsis glauca",0.00429819671414701,0.666666666666667,0.00644729507122052,6
"234-R18","R18","Quercus serrata",0.00126311431980394,2,0.00063155715990197,6
"234-R18","R18","Schima superba",0.0181927524697723,0.894427190999916,0.020340115610119,6
"235-R18","R18","Choerospondias axillaris",0.0285512227236111,2.66666666666667,0.0107067085213542,4
"235-R18","R18","Quercus serrata",0.0018941818320443,2.89442719099992,0.000654423727753168,4
"235-R18","R18","Sapium sebiferum",0.00232465037864914,0.666666666666667,0.00348697556797371,4
"235-R18","R18","Schima superba",0.0195123520546025,0.707106781186547,0.0275946329094174,4
"236-N9","N9","Castanopsis sclerophylla",5.80097676648163e-06,0.894427190999916,6.48568919287493e-06,6
"236-N9","N9","Choerospondias axillaris",0.0538580289854011,1.60153397218646,0.033629026870952,6
"236-N9","N9","Cyclobalanopsis glauca",0.00157021343399442,4,0.000392553358498605,6
"236-N9","N9","Quercus serrata",0.00341364891956831,1.56109385766658,0.00218670319071706,6
"236-N9","N9","Rhus chinensis",0,0.666666666666667,0,6
"236-N9","N9","Schima superba",0,0.707106781186547,0,6
"238-N9","N9","Castanea henryi",0.0578481598694591,1.56109385766658,0.0370561703163233,5
"238-N9","N9","Koelreuteria bipinnata",0.0012019447337595,4,0.000300486183439875,5
"238-N9","N9","Lithocarpus glaber",0.00903512670809404,0.707106781186547,0.012777598728346,5
"238-N9","N9","Nyssa sinensis",0.0154675522391699,0.707106781186547,0.0218744221533484,5
"238-N9","N9","Quercus acutissima",0.00611304056032643,1.78885438199983,0.00341729356052583,5
"239-R18","R18","Cyclobalanopsis glauca",0.0036265772599232,1.56109385766658,0.0023231000763426,4
"239-R18","R18","Liquidambar formosana",0.0221691776557616,0.894427190999916,0.0247858941217762,4
"239-R18","R18","Nyssa sinensis",0.030398065747497,4,0.00759951643687425,4
"239-R18","R18","Schima superba",0.00362203632463821,0.707106781186547,0.00512233289371136,4
"24-I28","I28","Liquidambar formosana",0.0428709101017375,11.7394692220792,0.00365186102461152,1
"241-N9","N9","Castanopsis sclerophylla",0.00176360995116689,0.666666666666667,0.00264541492675034,6
"241-N9","N9","Cyclobalanopsis glauca",0.0010669858738336,0.707106781186547,0.00150894589363599,6
"241-N9","N9","Koelreuteria bipinnata",0.00382314596719174,2.26820063885313,0.00168554135013595,6
"241-N9","N9","Nyssa sinensis",0.0203331177514162,2,0.0101665588757081,6
"241-N9","N9","Quercus acutissima",0.00883230360078426,0.894427190999916,0.00987481562463489,6
"241-N9","N9","Sapindus mukorossi",0.00707598021638181,2.89442719099992,0.00244469103882946,6
"25-I28","I28","Liquidambar formosana",0.0190632098084436,11.7394692220792,0.00162385619382094,1
"26-E24","E24","Liquidambar formosana",0.076010769013195,11.7394692220792,0.00647480457380786,1
"27-E33","E33","Lithocarpus glaber",0.0531922363832544,11.7394692220792,0.00453105974188444,1
"28-E33","E33","Lithocarpus glaber",0.067768685626783,11.7394692220792,0.00577272143610428,1
"29-G22","G22","Lithocarpus glaber",0.0818009405942098,11.7394692220792,0.00696802717795464,1
"3-I12","I12","Castanea henryi",0.0261367369085905,11.7394692220792,0.00222639852059354,1
"30-H25","H25","Nyssa sinensis",0.0753345656459502,11.7394692220792,0.00641720372708705,1
"31-W14","W14","Nyssa sinensis",0.0793138916151617,11.7394692220792,0.00675617356413277,1
"32-W14","W14","Nyssa sinensis",0.101452978912413,11.7394692220792,0.00864204138987846,1
"33-E31","E31","Quercus fabri",0.0215044543402703,11.7394692220792,0.00183180805992705,1
"34-E31","E31","Quercus fabri",0,8.76416180203951,0,1
"35-Q16","Q16","Quercus fabri",0.00528857449672608,11.7394692220792,0.000450495196731681,1
"36-G33","G33","Quercus serrata",0.000486632600805888,11.7394692220792,4.14526919062615e-05,1
"37-F21","F21","Quercus serrata",0.0335499181155287,11.7394692220792,0.00285787351036529,1
"38-F21","F21","Quercus serrata",0.00574748264893053,11.7394692220792,0.000489586244505915,1
"42-N11","N11","Sapindus mukorossi",0.011958894847999,11.7394692220792,0.00101869127315459,1
"43-N11","N11","Sapindus mukorossi",0.00393891602769669,11.7394692220792,0.000335527608036019,1
"44-R17","R17","Sapindus mukorossi",0.08977880388061,11.7394692220792,0.00764760332705308,1
"45-W13","W13","Sapium sebiferum",0.0383701618877623,11.7394692220792,0.00326847501892139,1
"46-N13","N13","Sapium sebiferum",0.0451188500012217,11.7394692220792,0.00384334667502375,1
"47-N13","N13","Sapium sebiferum",0.0177032634110965,11.7394692220792,0.00150801225133764,1
"51-C32","C32","Castanea henryi",0.15356036596896,4.89442719099992,0.0313745327035068,2
"51-C32","C32","Nyssa sinensis",0.0214586373037385,4.57684139222614,0.00468852544031489,2
"52-C32","C32","Castanea henryi",0.0584671799474037,3.4142135623731,0.0171246405297404,2
"52-C32","C32","Nyssa sinensis",0.0941915570529239,6.01661490633308,0.0156552411146969,2
"53-F22","F22","Castanea henryi",0.025334982460923,7.91017472555947,0.00320283474637548,2
"53-F22","F22","Nyssa sinensis",0.0533127909964804,3.16262782985305,0.0168571181513184,2
"54-F22","F22","Castanea henryi",0.0732558001616573,4.89442719099992,0.0149671855976044,2
"54-F22","F22","Nyssa sinensis",0.0373766832664578,2.4555210486665,0.015221487629583,2
"55-F22","F22","Castanea henryi",0.0109948600338715,4.9348673055198,0.00222799507122987,2
"55-F22","F22","Nyssa sinensis",0.114983879094323,6.80460191655939,0.0168979582500636,2
"62-P26","P26","Castanopsis sclerophylla",0.000270495029363318,3.37377344785321,8.01758130900693e-05,2
"62-P26","P26","Quercus serrata",0.00095383851798194,6.09749513537284,0.000156431206061736,2
"63-P26","P26","Castanopsis sclerophylla",0.0252104374763444,6.26820063885313,0.00402195764444405,2
"63-P26","P26","Quercus serrata",0.013867229772896,4.76416180203951,0.00291073862498951,2
"64-O6","O6","Castanopsis sclerophylla",0.0214160253131517,6.49596116318638,0.00329682163657623,1
"65-O6","O6","Castanopsis sclerophylla",0.0199786254559252,4.89442719099992,0.00408191289323146,2
"65-O6","O6","Quercus serrata",0.00260107802253676,2.26820063885313,0.0011467583502013,2
"66-O6","O6","Castanopsis sclerophylla",0.0268055936733942,3.56109385766658,0.00752734826566987,2
"66-O6","O6","Quercus serrata",0.0032509324342766,2.89442719099992,0.00112316953226021,2
"67-I27","I27","Choerospondias axillaris",0.0364988027109023,9.43082846870618,0.00387015868563556,2
"67-I27","I27","Sapium sebiferum",0.000158450187747768,2.30864075337301,6.86335401106763e-05,2
"68-I27","I27","Choerospondias axillaris",0.0172235035878821,6.26820063885313,0.00274775881951242,2
"68-I27","I27","Sapium sebiferum",0.00155879777050308,4.57684139222614,0.000340583742567688,2
"69-S18","S18","Choerospondias axillaris",0.178764345543965,5.37377344785321,0.0332660740685635,2
"69-S18","S18","Sapium sebiferum",3.44986032680222e-05,0.707106781186547,4.87883926245658e-05,2
"70-S18","S18","Choerospondias axillaris",0.0969628389480715,5.12218771533316,0.0189299659319035,2
"70-S18","S18","Sapium sebiferum",0.000272370531416438,2,0.000136185265708219,2
"71-S18","S18","Choerospondias axillaris",0.22068334630694,5.57770876399966,0.0395652329019582,2
"71-S18","S18","Sapium sebiferum",0.00817103035482639,2.70710678118655,0.00301836278184969,2
"72-K3","K3","Cyclobalanopsis glauca",0.0036545746852345,4.89442719099992,0.000746680774402915,3
"72-K3","K3","Quercus fabri",0.000112299111522062,0.707106781186547,0.000158814926556949,3
"72-K3","K3","Schima superba",0.000634758014911579,0.894427190999916,0.000709681035302558,3
"73-K3","K3","Cyclobalanopsis glauca",0.00917604941288399,4.70710678118655,0.00194940328304405,2
"73-K3","K3","Quercus fabri",2.44021974236336e-05,0.707106781186547,3.45099185482084e-05,2
"74-Q21","Q21","Cyclobalanopsis glauca",0.00972702767142386,7.68241420122622,0.0012661420507464,2
"74-Q21","Q21","Quercus fabri",0.00205488154859562,2.49596116318638,0.000823282661166223,2
"75-K3","K3","Cyclobalanopsis glauca",0.0016522246298344,3.56109385766658,0.000463965482481561,2
"75-K3","K3","Quercus fabri",0.00114723214696164,2,0.00057361607348082,2
"76-Q21","Q21","Cyclobalanopsis glauca",0.00660841425585206,3.56109385766658,0.00185572594264119,2
"76-Q21","Q21","Quercus fabri",0.000946920540839722,4.26820063885313,0.000221854739493727,2
"77-Q21","Q21","Cyclobalanopsis glauca",0.0363400174274321,5.86973461103959,0.00619108355581955,2
"77-Q21","Q21","Quercus fabri",0.00116159706413327,2.70710678118655,0.000429091704917576,2
"8-L11","L11","Castanopsis sclerophylla",0.056754997013423,11.7394692220792,0.00483454540744314,1
"81-J21","J21","Koelreuteria bipinnata",0.0073641908083092,5.37377344785321,0.00137039472909881,1
"82-J21","J21","Koelreuteria bipinnata",0.00544712423959683,6.9348673055198,0.00078546913727696,2
"82-J21","J21","Lithocarpus glaber",0,0.894427190999916,0,2
"83-J21","J21","Koelreuteria bipinnata",0.00603070646449998,5.16262782985305,0.00116814666159494,2
"83-J21","J21","Lithocarpus glaber",0.0118359261009845,2.70710678118655,0.00437216816981142,2
"84-Q7","Q7","Koelreuteria bipinnata",0.00203362838838678,6.30864075337301,0.000322356030068675,2
"84-Q7","Q7","Lithocarpus glaber",0.0339551035447202,1.37377344785321,0.0247166689658922,2
"85-Q7","Q7","Koelreuteria bipinnata",0.0177108484722851,4.08088022903976,0.00433995792041475,2
"85-Q7","Q7","Lithocarpus glaber",0.0047307741849871,4.26820063885313,0.00110837671076734,2
"86-H31","H31","Liquidambar formosana",0.0367337617592696,6.95148221185288,0.00528430637377383,2
"86-H31","H31","Sapindus mukorossi",0.0092785165457344,3.4142135623731,0.00271761457689403,2
"87-H31","H31","Liquidambar formosana",0.0327897166760837,6.97530742003968,0.00470082746200986,2
"87-H31","H31","Sapindus mukorossi",0.017818262940839,4.76416180203951,0.00374006250862663,2
"88-T17","T17","Liquidambar formosana",0.0506567729227956,8.05705502085296,0.00628725667029549,2
"88-T17","T17","Sapindus mukorossi",0.00144286026205333,2.78798701022631,0.000517527612847886,2
"89-T17","T17","Liquidambar formosana",0.0707661422579339,7.01574753455956,0.0100867572428084,2
"89-T17","T17","Sapindus mukorossi",0.0350107587398288,4.72372168751963,0.00741168956510064,2
"9-L11","L11","Castanopsis sclerophylla",0.0291320885885346,11.7394692220792,0.00248155074453826,1
"90-T17","T17","Liquidambar formosana",0.0845800349459215,7.28394817341269,0.0116118392020758,2
"90-T17","T17","Sapindus mukorossi",0.04154896914032,4.4555210486665,0.00932527726532799,2
"91-J21","J21","Koelreuteria bipinnata",0.00156116049654481,2,0.000780580248272405,2
"91-J21","J21","Lithocarpus glaber",0.0107315497987857,4.26820063885313,0.0025143030299694,2
"92-J21","J21","Lithocarpus glaber",0.0263331820621913,5.33333333333333,0.00493747163666088,1
"93-Q7","Q7","Koelreuteria bipinnata",0,0.666666666666667,0,2
"93-Q7","Q7","Lithocarpus glaber",0.0479845263969535,5.60153397218646,0.00856631891107205,2
"94-Q7","Q7","Lithocarpus glaber",0.0661800016121828,8.57684139222614,0.00771612748629896,1
"96-C32","C32","Castanea henryi",0.0308604167561377,3.78885438199983,0.00814505220964679,2
"96-C32","C32","Nyssa sinensis",0.0685371679460974,6.57684139222614,0.0104209853725694,2
"97-C32","C32","Castanea henryi",0.0632608964920139,3.86973461103959,0.0163476059344078,2
"97-C32","C32","Nyssa sinensis",0.0340980531140325,5.37377344785321,0.00634527179921484,2
"98-F22","F22","Castanea henryi",0.0207966692088502,2.49596116318638,0.00833212852651156,2
"98-F22","F22","Nyssa sinensis",0.0646954203838767,6.26820063885313,0.0103212108404548,2
"99-K3","K3","Cyclobalanopsis glauca",0,1.78885438199983,0,2
"99-K3","K3","Quercus fabri",0.000141174160175821,4.89442719099992,2.88438574457534e-05,2
"r-21-Q13","Q13","Koelreuteria bipinnata",0.036771242417034,7.16262782985305,0.00513376421203619,1
"r-213-U10","U10","Cyclobalanopsis glauca",0.00111165749188967,2,0.000555828745944835,7
"r-213-U10","U10","Cyclobalanopsis myrsinaefolia",0.00017247375727558,0.666666666666667,0.00025871063591337,7
"r-213-U10","U10","Liquidambar formosana",0.00016990459853035,0.894427190999916,0.000189959116001837,7
"r-213-U10","U10","Nyssa sinensis",0.00512271504069206,0.894427190999916,0.00572736953017402,7
"r-213-U10","U10","Quercus fabri",0.00159465549703953,2,0.000797327748519765,7
"r-213-U10","U10","Sapium sebiferum",0.0165166751651669,1.60153397218646,0.0103130345356445,7
"r-213-U10","U10","Schima superba",0.0239454482209802,0.707106781186547,0.0338639776312129,7
"r-216-S15","S15","Cyclobalanopsis glauca",0.000458555942104752,0.894427190999916,0.000512681129016342,3
"r-216-S15","S15","Koelreuteria bipinnata",0,2,0,3
"r-216-S15","S15","Lithocarpus glaber",0,2,0,3
"r-220-M21","M21","Liquidambar formosana",0,2,0,2
"r-220-M21","M21","Sapindus mukorossi",0,2,0,2
"r-91-J21","J21","Koelreuteria bipinnata",0.000103840710400049,2,5.19203552000245e-05,2
"r-91-J21","J21","Lithocarpus glaber",0.0107446092466151,2,0.00537230462330755,2
"w-104-P26","P26","Castanopsis sclerophylla",0.00476754166570859,2.70710678118655,0.00176112065428721,2
"w-104-P26","P26","Quercus serrata",0.00734109559385844,7.61814887851954,0.000963632466485093,2
